City_ID,City,Lat,Lng,Max Temp,Humidity,Cloudiness,Wind Speed,Country,Date,Current Description
0,East London,-33.0153,27.9116,64.33,85,0,15.3,ZA,2022-10-27 01:36:37,clear sky
1,Grand-Santi,4.25,-54.3833,73.08,96,53,2.55,GF,2022-10-27 01:36:37,light rain
2,Colares,38.7992,-9.4469,70.75,97,100,15.01,PT,2022-10-27 01:36:38,overcast clouds
3,Blind River,46.1834,-82.9582,41.11,65,100,14.27,CA,2022-10-27 01:36:38,overcast clouds
4,Ushuaia,-54.8,-68.3,47.86,57,100,11.5,AR,2022-10-27 01:36:38,light intensity drizzle
5,Felipe Carrillo Puerto,19.5833,-88.05,76.95,79,99,2.62,MX,2022-10-27 01:36:39,overcast clouds
6,Danane,7.2596,-8.155,69.91,99,94,1.34,CI,2022-10-27 01:36:39,overcast clouds
7,Bredasdorp,-34.5322,20.0403,57.47,97,100,2.84,ZA,2022-10-27 01:36:39,overcast clouds
8,Longyearbyen,78.2186,15.6401,13.68,77,90,4.83,SJ,2022-10-27 01:36:40,overcast clouds
9,Pacasmayo,-7.4006,-79.5714,61.45,88,66,9.71,PE,2022-10-27 01:36:40,broken clouds
10,Tasiilaq,65.6145,-37.6368,30.36,95,86,5.75,GL,2022-10-27 01:36:40,overcast clouds
11,Saint-Philippe,-21.3585,55.7679,71.19,81,96,11.43,RE,2022-10-27 01:36:41,overcast clouds
12,Gat,31.61,34.7642,69.4,70,0,2.33,IL,2022-10-27 01:36:41,clear sky
13,Virginia Beach,36.8529,-75.978,65.01,93,100,4.61,US,2022-10-27 01:34:52,overcast clouds
14,Blagoveshchensk,50.2667,127.5333,34.41,47,0,11.18,RU,2022-10-27 01:36:41,clear sky
15,Olinda,-8.0089,-34.8553,80.33,69,40,5.75,BR,2022-10-27 01:36:42,scattered clouds
16,Rodrigues Alves,-7.738,-72.6509,76.59,86,36,2.15,BR,2022-10-27 01:36:42,scattered clouds
17,Baiao,-2.7906,-49.6717,75.54,85,100,0.78,BR,2022-10-27 01:36:42,overcast clouds
18,Vardo,70.3705,31.1107,33.78,93,100,5.75,NO,2022-10-27 01:36:43,overcast clouds
19,Busselton,-33.65,115.3333,59.79,43,16,5.68,AU,2022-10-27 01:36:43,few clouds
20,Lebu,-37.6167,-73.65,49.5,92,7,8.01,CL,2022-10-27 01:36:43,clear sky
21,Kostomuksha,64.571,30.5767,34.11,99,100,5.28,RU,2022-10-27 01:36:44,overcast clouds
22,Tukrah,32.5341,20.5791,67.78,76,0,7.56,LY,2022-10-27 01:36:44,clear sky
23,Arraial Do Cabo,-22.9661,-42.0278,72.0,84,55,21.85,BR,2022-10-27 01:36:44,broken clouds
24,Chuy,-33.6971,-53.4616,63.84,93,99,12.91,UY,2022-10-27 01:36:45,overcast clouds
25,Cayenne,4.9333,-52.3333,77.04,94,100,2.3,GF,2022-10-27 01:36:45,overcast clouds
26,Karasjok,69.4719,25.5112,27.12,98,98,1.25,NO,2022-10-27 01:36:45,overcast clouds
27,Georgetown,5.4112,100.3354,83.23,84,20,3.44,MY,2022-10-27 01:32:54,few clouds
28,Quelimane,-17.8786,36.8883,76.95,83,0,9.22,MZ,2022-10-27 01:36:46,clear sky
29,Puerto Colombia,10.9878,-74.9547,80.69,80,29,11.07,CO,2022-10-27 01:36:46,scattered clouds
30,Grindavik,63.8424,-22.4338,39.67,87,0,9.22,IS,2022-10-27 01:36:46,clear sky
31,Santiago De Cao,-7.9589,-79.2392,60.93,88,100,6.91,PE,2022-10-27 01:36:46,overcast clouds
32,Hithadhoo,-0.6,73.0833,82.2,75,35,7.67,MV,2022-10-27 01:36:47,scattered clouds
33,Olafsvik,64.8945,-23.7142,41.97,79,29,6.17,IS,2022-10-27 01:36:47,scattered clouds
34,Berga,60.392,5.328,54.88,94,75,14.97,NO,2022-10-27 01:36:47,broken clouds
35,Upernavik,72.7868,-56.1549,19.6,95,100,5.93,GL,2022-10-27 01:36:48,light snow
36,Huarmey,-10.0681,-78.1522,62.22,87,75,8.1,PE,2022-10-27 01:36:48,broken clouds
37,Parati,-23.2178,-44.7131,71.26,95,83,1.43,BR,2022-10-27 01:36:48,broken clouds
38,Jamestown,42.097,-79.2353,48.02,94,100,11.5,US,2022-10-27 01:36:49,mist
39,Luderitz,-26.6481,15.1594,59.04,80,0,8.79,NA,2022-10-27 01:36:49,clear sky
40,Itacare,-14.2775,-38.9967,72.21,90,49,3.11,BR,2022-10-27 01:36:49,scattered clouds
41,Clyde River,70.4692,-68.5914,25.03,100,100,26.46,CA,2022-10-27 01:36:50,light snow
42,Castro,-24.7911,-50.0119,58.82,61,4,3.15,BR,2022-10-27 01:36:50,clear sky
43,Mundi,22.0667,76.5,69.67,57,0,2.71,IN,2022-10-27 01:36:50,clear sky
44,Knysna,-34.0363,23.0471,60.93,78,4,4.65,ZA,2022-10-27 01:37:51,clear sky
45,Libreville,0.3925,9.4537,80.62,89,75,3.44,GA,2022-10-27 01:37:51,thunderstorm
46,Hermanus,-34.4187,19.2345,60.8,93,100,5.64,ZA,2022-10-27 01:37:51,overcast clouds
47,Port Elizabeth,-33.918,25.5701,62.89,94,20,8.05,ZA,2022-10-27 01:37:52,few clouds
48,Chicama,-7.8447,-79.1469,59.54,82,91,5.23,PE,2022-10-27 01:37:52,overcast clouds
49,Chake Chake,-5.2459,39.7666,74.35,88,9,3.94,TZ,2022-10-27 01:37:52,clear sky
50,Agirish,61.9247,63.0231,26.17,75,100,7.56,RU,2022-10-27 01:37:52,overcast clouds
51,Marawi,7.9986,124.2928,80.51,67,100,2.21,PH,2022-10-27 01:37:53,overcast clouds
52,Orda,57.1951,56.9091,25.9,84,26,5.93,RU,2022-10-27 01:37:53,scattered clouds
53,San Jose,37.3394,-121.895,64.27,52,40,9.22,US,2022-10-27 01:36:28,scattered clouds
54,Roquetas De Mar,36.7642,-2.6148,73.4,35,42,6.06,ES,2022-10-27 01:37:53,scattered clouds
55,Punta Arenas,-53.15,-70.9167,46.51,66,40,25.32,CL,2022-10-27 01:37:54,scattered clouds
56,Los Chiles,11.0333,-84.7167,74.26,94,100,3.38,CR,2022-10-27 01:37:54,overcast clouds
57,Torbay,47.6666,-52.7314,59.27,96,20,16.11,CA,2022-10-27 01:37:54,few clouds
58,Tiffin,41.1145,-83.178,48.33,78,23,10.0,US,2022-10-27 01:37:55,few clouds
59,Ostrovnoy,68.0531,39.5131,32.56,95,100,5.21,RU,2022-10-27 01:37:55,overcast clouds
60,Codrington,-38.2667,141.9667,57.22,93,100,13.49,AU,2022-10-27 01:37:55,light rain
61,Jumla,29.2747,82.1838,50.45,31,0,3.06,NP,2022-10-27 01:37:55,clear sky
62,Abnub,27.2696,31.1511,66.42,60,0,5.75,EG,2022-10-27 01:37:56,clear sky
63,Boddam,57.4667,-1.7833,52.18,82,50,20.8,GB,2022-10-27 01:37:56,scattered clouds
64,Cape Town,-33.9258,18.4232,66.38,84,0,13.0,ZA,2022-10-27 01:35:46,clear sky
65,Matagami,49.7502,-77.6328,32.11,100,100,14.97,CA,2022-10-27 01:37:56,snow
66,Narsaq,60.9167,-46.05,30.42,94,97,5.5,GL,2022-10-27 01:37:57,overcast clouds
67,Port Alfred,-33.5906,26.891,60.19,94,0,15.75,ZA,2022-10-27 01:37:57,clear sky
68,Umm Kaddadah,13.6017,26.6876,73.51,26,38,12.39,SD,2022-10-27 01:37:57,scattered clouds
69,Ihosy,-22.4,46.1167,64.15,93,32,3.58,MG,2022-10-27 01:37:58,scattered clouds
70,Santa Maria,-29.6842,-53.8069,70.9,64,40,12.66,BR,2022-10-27 01:37:58,moderate rain
71,Nizwa,22.9333,57.5333,73.9,27,0,3.18,OM,2022-10-27 01:37:58,clear sky
72,Honningsvag,70.9821,25.9704,33.55,86,75,2.3,NO,2022-10-27 01:37:59,broken clouds
73,Bambous Virieux,-20.3428,57.7575,72.21,83,40,8.05,MU,2022-10-27 01:37:59,light rain
74,Gulmarg,34.049,74.3921,40.01,40,0,1.45,IN,2022-10-27 01:37:59,clear sky
75,Masallatah,32.6167,14.0,69.73,66,10,5.86,LY,2022-10-27 01:38:00,clear sky
76,Abu Dhabi,24.4667,54.3667,80.62,61,0,2.3,AE,2022-10-27 01:35:55,clear sky
77,Mpika,-11.8343,31.4529,63.72,54,5,5.26,ZM,2022-10-27 01:38:00,clear sky
78,Jiwani,25.05,61.7417,82.92,43,0,9.89,PK,2022-10-27 01:38:01,clear sky
79,Walvis Bay,-22.9575,14.5053,60.1,95,5,4.03,NA,2022-10-27 01:38:01,clear sky
80,Iqaluit,63.7506,-68.5145,37.13,74,75,11.5,CA,2022-10-27 01:38:01,broken clouds
81,Beloha,-25.1667,45.05,67.96,94,6,3.96,MG,2022-10-27 01:38:02,clear sky
82,Sao Joao Da Barra,-21.6403,-41.0511,72.66,84,63,13.27,BR,2022-10-27 01:38:02,broken clouds
83,Sokoni,-6.4333,39.55,78.01,77,87,11.32,TZ,2022-10-27 01:38:03,overcast clouds
84,Sisimiut,66.9395,-53.6735,29.62,66,100,14.92,GL,2022-10-27 01:38:03,overcast clouds
85,Riyadh,24.6877,46.7219,64.54,26,42,5.06,SA,2022-10-27 01:38:03,scattered clouds
86,Qaanaaq,77.484,-69.3632,-0.22,71,7,9.37,GL,2022-10-27 01:38:04,clear sky
87,Axim,4.8699,-2.2405,77.43,89,100,5.82,GH,2022-10-27 01:38:04,overcast clouds
88,Saldanha,-33.0117,17.9442,60.55,93,100,18.28,ZA,2022-10-27 01:38:04,overcast clouds
89,Chelmsford,51.7357,0.4696,60.85,96,100,1.01,GB,2022-10-27 01:38:05,overcast clouds
90,Jalu,29.0331,21.5482,66.29,58,0,6.6,LY,2022-10-27 01:38:05,clear sky
91,Salinopolis,-0.6136,-47.3561,79.93,77,100,11.65,BR,2022-10-27 01:38:05,overcast clouds
92,Padang,-0.9492,100.3543,78.85,74,77,2.42,ID,2022-10-27 01:39:06,broken clouds
93,Rio Grande,-32.035,-52.0986,65.21,95,100,14.09,BR,2022-10-27 01:39:06,light rain
94,Hellin,38.5106,-1.701,64.56,45,54,2.17,ES,2022-10-27 01:39:07,broken clouds
95,Kavaratti,10.5669,72.642,81.34,59,4,8.28,IN,2022-10-27 01:39:07,clear sky
96,Taoudenni,22.6783,-3.9836,79.66,15,100,11.27,ML,2022-10-27 01:39:08,overcast clouds
97,Rawson,-43.3002,-65.1023,63.45,31,0,19.73,AR,2022-10-27 01:39:08,clear sky
98,Beyneu,45.3167,55.2,38.23,50,99,10.58,KZ,2022-10-27 01:39:08,overcast clouds
99,Contamana,-7.3333,-75.0167,81.66,63,100,2.48,PE,2022-10-27 01:39:09,overcast clouds
100,Richards Bay,-28.783,32.0377,67.51,80,92,3.18,ZA,2022-10-27 01:39:09,overcast clouds
101,Saint-Georges,12.0564,-61.7485,82.08,89,40,11.5,GD,2022-10-27 01:39:03,scattered clouds
102,Bolobo,-2.1667,16.2333,71.31,97,100,3.87,CD,2022-10-27 01:39:10,overcast clouds
103,Cap-Aux-Meules,47.3821,-61.8597,57.25,100,75,12.66,CA,2022-10-27 01:39:10,mist
104,Mahebourg,-20.4081,57.7,72.25,83,40,8.05,MU,2022-10-27 01:39:10,scattered clouds
105,Dikson,73.5069,80.5464,22.53,77,92,8.57,RU,2022-10-27 01:39:11,overcast clouds
106,Itaqui,-29.1253,-56.5531,66.6,97,70,4.43,BR,2022-10-27 01:39:11,broken clouds
107,Tabas,33.5959,56.9244,65.44,41,0,4.29,IR,2022-10-27 01:39:12,clear sky
108,Eresos,39.1667,25.9333,66.88,69,1,8.34,GR,2022-10-27 01:39:12,clear sky
109,Kangaatsiaq,68.3065,-53.4641,28.74,73,100,13.71,GL,2022-10-27 01:39:13,overcast clouds
110,Batayurt,43.3194,46.6854,53.42,78,100,6.08,RU,2022-10-27 01:39:13,overcast clouds
111,Marabba,12.35,32.1833,78.37,21,19,8.66,SD,2022-10-27 01:39:14,few clouds
112,Mayumba,-3.432,10.6554,76.26,92,100,6.69,GA,2022-10-27 01:39:14,light rain
113,Amsterdam,52.374,4.8897,58.89,93,20,6.91,NL,2022-10-27 01:39:14,few clouds
114,Manta,-0.95,-80.7333,69.58,83,100,8.05,EC,2022-10-27 01:39:15,overcast clouds
115,Savannah Bight,16.45,-85.85,82.98,69,88,11.48,HN,2022-10-27 01:39:15,overcast clouds
116,Antofagasta,-23.65,-70.4,58.28,78,44,4.92,CL,2022-10-27 01:38:13,scattered clouds
117,Vila Franca Do Campo,37.7167,-25.4333,61.21,75,100,12.08,PT,2022-10-27 01:39:15,light rain
118,Pangnirtung,66.1451,-65.7125,28.8,96,100,8.23,CA,2022-10-27 01:39:16,snow
119,Constitucion,-35.3333,-72.4167,53.1,82,6,11.95,CL,2022-10-27 01:39:16,clear sky
120,Okulovka,58.4008,33.2908,45.23,98,100,4.7,RU,2022-10-27 01:39:16,overcast clouds
121,Monaghan,54.25,-6.9667,54.39,93,99,12.19,IE,2022-10-27 01:39:17,overcast clouds
122,Belyy Yar,53.6039,91.3903,19.29,93,100,2.24,RU,2022-10-27 01:39:17,overcast clouds
123,Formello,42.0801,12.3998,66.27,89,35,4.12,IT,2022-10-27 01:39:18,scattered clouds
124,Kabwe,-14.4469,28.4464,74.05,39,83,7.52,ZM,2022-10-27 01:39:18,broken clouds
125,Klaksvik,62.2266,-6.589,49.12,97,100,7.74,FO,2022-10-27 01:39:19,overcast clouds
126,Traiguen,-38.25,-72.6833,44.19,93,0,3.47,CL,2022-10-27 01:39:19,clear sky
127,Roura,4.7263,-52.3274,76.91,94,100,2.3,GF,2022-10-27 01:39:19,overcast clouds
128,Ponta Do Sol,32.6667,-17.1,72.23,77,43,7.54,PT,2022-10-27 01:39:20,scattered clouds
129,Mar Del Plata,-38.0023,-57.5575,56.08,93,75,11.99,AR,2022-10-27 01:39:20,broken clouds
130,Awjilah,29.1081,21.2869,65.82,71,0,6.82,LY,2022-10-27 01:39:21,clear sky
131,Humpolec,49.5415,15.3593,48.09,96,46,4.85,CZ,2022-10-27 01:39:21,scattered clouds
132,San Juan Bautista,-14.0108,-75.7358,62.51,70,0,2.44,PE,2022-10-27 01:39:22,clear sky
133,Berlevag,70.8578,29.0864,31.95,86,100,6.91,NO,2022-10-27 01:39:22,overcast clouds
134,Grand Gaube,-20.0064,57.6608,72.37,67,68,5.99,MU,2022-10-27 01:39:22,broken clouds
135,Trelleborg,55.3751,13.1569,55.35,93,100,10.58,SE,2022-10-27 01:39:23,overcast clouds
136,Salalah,17.0151,54.0924,73.49,68,0,3.44,OM,2022-10-27 01:36:47,clear sky
137,Cockburn Town,21.4612,-71.1419,80.51,66,4,6.2,TC,2022-10-27 01:40:23,clear sky
138,Yekaterinovka,52.0508,44.3451,33.49,97,100,18.19,RU,2022-10-27 01:40:24,light snow
139,Lodwar,3.1191,35.5973,81.75,53,27,11.25,KE,2022-10-27 01:40:25,scattered clouds
140,Bathsheba,13.2167,-59.5167,83.01,78,20,21.85,BB,2022-10-27 01:40:25,few clouds
141,Cidreira,-30.1811,-50.2056,66.9,94,100,6.4,BR,2022-10-27 01:40:26,light rain
142,Yaroslavl,57.6299,39.8737,31.8,80,0,4.47,RU,2022-10-27 01:40:26,clear sky
143,Lasa,46.6166,10.7002,52.68,68,28,0.87,IT,2022-10-27 01:40:26,scattered clouds
144,Kamenka,51.3223,42.7678,37.29,93,100,21.39,RU,2022-10-27 01:40:27,overcast clouds
145,Domat,46.8348,9.4508,57.07,76,42,4.65,CH,2022-10-27 01:40:27,scattered clouds
146,Bengkulu,-3.8004,102.2655,79.16,80,100,5.08,ID,2022-10-27 01:40:28,moderate rain
147,Mahibadhoo,3.7833,72.9667,80.83,79,10,6.69,MV,2022-10-27 01:40:28,clear sky
148,Brighton,50.8284,-0.1395,62.31,94,100,8.01,GB,2022-10-27 01:40:29,overcast clouds
149,Thompson,55.7435,-97.8558,23.16,93,0,3.44,CA,2022-10-27 01:35:57,clear sky
150,Kajaani,64.2273,27.7285,33.85,93,100,10.36,FI,2022-10-27 01:40:29,overcast clouds
151,Qaqortoq,60.7167,-46.0333,31.15,96,99,5.61,GL,2022-10-27 01:40:29,overcast clouds
152,Victoria,22.2855,114.1577,79.03,68,41,10.0,HK,2022-10-27 01:40:16,scattered clouds
153,Kayerkan,69.3497,87.7602,9.99,93,100,8.05,RU,2022-10-27 01:40:30,overcast clouds
154,Trairi,-3.2778,-39.2689,77.38,75,100,8.72,BR,2022-10-27 01:35:48,overcast clouds
155,Luau,-10.7073,22.2247,64.96,95,100,3.56,AO,2022-10-27 01:40:31,overcast clouds
156,Ollioules,43.1352,5.848,69.46,81,75,4.0,FR,2022-10-27 01:40:31,broken clouds
157,Sorland,67.667,12.6934,42.66,64,100,5.37,NO,2022-10-27 01:40:31,overcast clouds
158,Turiacu,-1.6633,-45.3717,75.06,86,100,3.85,BR,2022-10-27 01:40:32,overcast clouds
159,El Alto,-4.2714,-81.2147,61.61,85,41,14.72,PE,2022-10-27 01:40:32,scattered clouds
160,Ribeira Grande,38.5167,-28.7,60.91,58,100,19.53,PT,2022-10-27 01:40:32,light rain
161,Los Llanos De Aridane,28.6585,-17.9182,65.95,49,0,8.01,ES,2022-10-27 01:40:33,clear sky
162,Roscrea,52.9511,-7.8017,57.34,91,100,10.33,IE,2022-10-27 01:40:33,overcast clouds
163,Chancay,-11.5714,-77.2672,61.11,84,100,7.38,PE,2022-10-27 01:40:33,overcast clouds
164,Wexford,52.3342,-6.4575,58.89,96,100,10.0,IE,2022-10-27 01:36:20,moderate rain
165,Sigayevo,56.4216,53.7757,27.37,78,89,4.7,RU,2022-10-27 01:40:34,overcast clouds
166,Chunhuhub,19.55,-88.6833,75.74,82,22,1.68,MX,2022-10-27 01:40:34,few clouds
167,Vestmannaeyjar,63.4427,-20.2734,41.95,78,68,11.92,IS,2022-10-27 01:40:34,broken clouds
168,Bandarbeyla,9.4942,50.8122,77.92,85,40,7.34,SO,2022-10-27 01:40:35,light rain
169,Lieksa,63.3167,30.0167,39.67,94,99,7.54,FI,2022-10-27 01:40:35,overcast clouds
170,Gamba,-2.65,10.0,76.59,91,54,3.69,GA,2022-10-27 01:40:35,broken clouds
171,Andenes,69.3143,16.1194,36.93,87,100,8.05,NO,2022-10-27 01:40:36,overcast clouds
172,Turukhansk,65.8167,87.9833,7.81,96,97,7.49,RU,2022-10-27 01:40:36,overcast clouds
173,Manaure,11.7751,-72.4445,81.37,77,100,9.73,CO,2022-10-27 01:40:36,overcast clouds
174,Tiznit,29.5833,-9.5,75.02,19,0,11.21,MA,2022-10-27 01:36:19,clear sky
175,Chokwe,-24.5333,32.9833,72.1,89,91,8.59,MZ,2022-10-27 01:40:37,overcast clouds
176,Alto Araguaia,-17.3147,-53.2153,75.74,57,28,6.2,BR,2022-10-27 01:40:37,scattered clouds
177,Bhaderwah,32.9784,75.7186,50.88,56,0,2.37,IN,2022-10-27 01:40:37,clear sky
178,Havoysund,70.9963,24.6622,34.03,82,100,9.51,NO,2022-10-27 01:40:38,light snow
179,Mitu,1.1983,-70.1733,75.52,90,100,0.43,CO,2022-10-27 01:40:38,overcast clouds
180,Parbatipur,25.6649,88.9247,72.25,68,0,2.95,BD,2022-10-27 01:40:38,clear sky
181,Ponta Delgada,37.7333,-25.6667,61.52,72,75,18.41,PT,2022-10-27 01:40:38,light intensity shower rain
182,Omboue,-1.5746,9.2618,76.8,91,100,5.12,GA,2022-10-27 01:41:39,light rain
183,Souillac,-20.5167,57.5167,71.98,83,40,8.05,MU,2022-10-27 01:41:39,scattered clouds
184,Maarianhamina,60.0973,19.9348,44.46,100,100,5.75,AX,2022-10-27 01:41:40,overcast clouds
185,Moose Factory,51.2585,-80.6094,35.6,93,100,6.91,CA,2022-10-27 01:41:40,overcast clouds
186,Hukuntsi,-24.0,21.75,67.84,68,77,8.61,BW,2022-10-27 01:41:40,broken clouds
187,Marsa Matruh,31.3525,27.2453,62.8,82,0,3.44,EG,2022-10-27 01:41:40,clear sky
188,Paragominas,-2.9667,-47.4833,72.36,97,100,2.77,BR,2022-10-27 01:41:41,overcast clouds
189,Talcahuano,-36.7167,-73.1167,55.08,82,0,10.36,CL,2022-10-27 01:41:41,clear sky
190,La Rioja,42.25,-2.5,56.98,54,100,9.13,ES,2022-10-27 01:41:42,overcast clouds
191,Dhidhdhoo,6.8833,73.1,81.68,68,5,1.07,MV,2022-10-27 01:41:42,clear sky
192,Carnarvon,-24.8667,113.6333,70.27,54,0,22.39,AU,2022-10-27 01:41:42,clear sky
193,Caravelas,-17.7125,-39.2481,71.26,90,18,4.85,BR,2022-10-27 01:41:43,few clouds
194,Ailigandi,9.2333,-78.0167,79.0,85,98,5.37,PA,2022-10-27 01:41:43,light rain
195,Dalaba,10.7,-12.25,62.47,77,0,2.86,GN,2022-10-27 01:41:43,clear sky
196,Gornopravdinsk,60.05,69.9,23.29,93,7,3.4,RU,2022-10-27 01:41:43,clear sky
197,Faya,18.3851,42.4509,50.52,34,67,1.92,SA,2022-10-27 01:41:44,broken clouds
198,Marsh Harbour,26.5412,-77.0636,77.61,60,0,8.77,BS,2022-10-27 01:41:44,clear sky
199,Jhelum,32.9331,73.7264,67.26,42,0,3.42,PK,2022-10-27 01:41:44,clear sky
200,Zhezkazgan,47.8043,67.7144,30.18,74,100,17.9,KZ,2022-10-27 01:41:45,overcast clouds
201,Villa Carlos Paz,-31.4241,-64.4978,66.4,42,0,5.17,AR,2022-10-27 01:41:45,clear sky
202,The Valley,18.217,-63.0578,83.1,76,100,19.64,AI,2022-10-27 01:41:45,overcast clouds
203,Mutoko,-17.397,32.2268,62.6,70,7,3.85,ZW,2022-10-27 01:41:46,clear sky
204,Donji Milanovac,44.4627,22.1523,53.62,73,100,3.38,RS,2022-10-27 01:41:46,overcast clouds
205,Marsala,37.7966,12.4352,72.93,82,0,4.61,IT,2022-10-27 01:41:46,clear sky
206,Eyl,7.9803,49.8164,77.13,69,11,5.86,SO,2022-10-27 01:41:47,few clouds
207,San Rafael,-34.6177,-68.3301,65.93,26,0,13.11,AR,2022-10-27 01:39:56,clear sky
208,Jacareacanga,-6.2222,-57.7528,78.6,74,100,2.55,BR,2022-10-27 01:41:47,overcast clouds
209,Coihaique,-45.5752,-72.0662,49.95,46,0,9.22,CL,2022-10-27 01:41:47,clear sky
210,Kondagaon,19.6,81.6667,66.96,75,0,1.5,IN,2022-10-27 01:41:48,clear sky
211,Araouane,18.9048,-3.5265,80.85,18,4,7.94,ML,2022-10-27 01:41:48,clear sky
212,Ilulissat,69.2167,-51.1,28.42,69,100,2.3,GL,2022-10-27 01:41:48,overcast clouds
213,Acarau,-2.8856,-40.12,78.62,75,100,14.34,BR,2022-10-27 01:41:28,overcast clouds
214,Carutapera,-1.195,-46.02,78.21,78,100,6.4,BR,2022-10-27 01:41:49,overcast clouds
215,Chapais,49.7834,-74.8492,58.78,92,92,7.07,CA,2022-10-27 01:41:49,overcast clouds
216,Sompeta,18.9333,84.6,76.96,71,0,4.54,IN,2022-10-27 01:41:49,clear sky
217,Najran,17.4924,44.1277,57.85,31,1,2.33,SA,2022-10-27 01:41:50,clear sky
218,Krylovskaya,46.3194,39.9711,54.93,96,92,10.54,RU,2022-10-27 01:41:50,overcast clouds
219,Sargatskoye,55.6101,73.4972,31.1,96,100,14.45,RU,2022-10-27 01:41:50,light snow
220,Margate,51.3813,1.3862,60.31,94,100,1.99,GB,2022-10-27 01:41:51,overcast clouds
221,Arlit,18.7369,7.3853,74.68,22,0,9.06,NE,2022-10-27 01:41:51,clear sky
222,Kaputa,-8.4689,29.6619,75.63,53,100,4.14,ZM,2022-10-27 01:41:51,overcast clouds
223,Comodoro Rivadavia,-45.8667,-67.5,60.66,29,100,34.52,AR,2022-10-27 01:41:52,dust
224,Obudovac,44.965,18.6122,51.26,78,13,2.91,BA,2022-10-27 01:41:52,few clouds
225,Bilma,18.6853,12.9164,70.95,23,0,7.96,NE,2022-10-27 01:42:52,clear sky
226,Sinj,43.7036,16.6394,62.55,73,1,5.61,HR,2022-10-27 01:42:52,clear sky
227,Vuktyl,63.8567,57.3094,26.46,90,100,12.01,RU,2022-10-27 01:42:53,overcast clouds
228,Robertsport,6.7533,-11.3686,80.02,81,75,7.43,LR,2022-10-27 01:42:53,light rain
229,Lagoa,39.05,-27.9833,60.85,53,96,18.84,PT,2022-10-27 01:42:53,overcast clouds
230,Beniganj,27.2833,80.45,69.69,60,0,0.43,IN,2022-10-27 01:42:54,clear sky
231,Qasigiannguit,68.8193,-51.1922,28.65,83,100,4.25,GL,2022-10-27 01:42:54,overcast clouds
232,Sur,22.5667,59.5289,78.64,53,0,2.3,OM,2022-10-27 01:42:54,clear sky
233,Nisia Floresta,-6.0911,-35.2086,77.38,85,68,6.71,BR,2022-10-27 01:42:54,broken clouds
234,Samarkand,39.6542,66.9597,44.02,87,0,2.3,UZ,2022-10-27 01:42:55,clear sky
235,Saint George,37.1041,-113.5841,64.99,21,0,10.36,US,2022-10-27 01:41:08,clear sky
236,Hobyo,5.3505,48.5268,78.84,84,100,8.75,SO,2022-10-27 01:42:55,light rain
237,Vila Velha,-20.3297,-40.2925,75.15,89,40,4.61,BR,2022-10-27 01:42:39,scattered clouds
238,Sinop,41.7711,34.8709,50.5,90,48,3.36,TR,2022-10-27 01:42:55,scattered clouds
239,Silvan,38.1419,41.0081,50.29,59,99,1.14,TR,2022-10-27 01:40:52,overcast clouds
240,Tambura,5.6,27.4667,67.59,71,35,2.98,SS,2022-10-27 01:42:56,scattered clouds
241,La Sarre,48.8002,-79.1996,33.53,98,100,12.12,CA,2022-10-27 01:42:56,snow
242,Korla,41.7597,86.1469,53.82,36,97,6.85,CN,2022-10-27 01:42:56,overcast clouds
243,Charlestown,-32.95,151.6667,81.1,50,91,13.82,AU,2022-10-27 01:42:33,overcast clouds
244,Hambantota,6.1241,81.1185,73.74,100,87,2.3,LK,2022-10-27 01:42:57,overcast clouds
245,Dingle,10.9995,122.6711,84.31,78,100,9.26,PH,2022-10-27 01:42:57,overcast clouds
246,Trinidad,-14.8333,-64.9,80.37,76,36,4.27,BO,2022-10-27 01:42:57,scattered clouds
247,Cervo,43.6702,-7.4101,62.87,86,72,6.82,ES,2022-10-27 01:42:58,broken clouds
248,Thrissur,10.5167,76.2167,76.98,82,7,2.71,IN,2022-10-27 01:42:58,clear sky
249,Yarmouth,41.7057,-70.2286,66.67,98,100,4.61,US,2022-10-27 01:42:58,fog
250,Onguday,50.75,86.15,35.46,76,41,3.33,RU,2022-10-27 01:42:59,scattered clouds
251,Iracoubo,5.4802,-53.2011,77.05,89,100,8.9,GF,2022-10-27 01:42:59,overcast clouds
252,Santa Cruz De Tenerife,28.4682,-16.2546,71.46,87,75,6.91,ES,2022-10-27 01:43:00,broken clouds
253,Oum Hadjer,13.2954,19.6966,75.97,17,23,9.73,TD,2022-10-27 01:43:00,few clouds
254,Fontem,5.4685,9.8818,65.34,89,74,3.76,CM,2022-10-27 01:43:00,broken clouds
255,Praia Da Vitoria,38.7333,-27.0667,56.75,88,40,17.49,PT,2022-10-27 01:43:01,scattered clouds
256,Reinosa,42.9996,-4.138,70.47,48,100,15.14,ES,2022-10-27 01:39:18,overcast clouds
257,Buraydah,26.326,43.975,72.05,22,100,8.9,SA,2022-10-27 01:43:01,overcast clouds
258,Aiquile,-18.2041,-65.1807,66.02,68,4,3.87,BO,2022-10-27 01:43:03,clear sky
259,Hofn,64.2539,-15.2082,41.92,82,11,19.3,IS,2022-10-27 01:43:03,few clouds
260,Melnikovo,56.5558,84.085,33.26,90,100,5.5,RU,2022-10-27 01:43:04,light snow
261,Dimona,31.0667,35.0333,65.46,74,0,4.05,IL,2022-10-27 01:43:04,clear sky
262,Birjand,32.8663,59.2211,46.87,46,0,6.91,IR,2022-10-27 01:43:04,clear sky
263,Lulea,65.5842,22.1547,30.27,100,100,1.14,SE,2022-10-27 01:43:05,mist
264,Gayeri,12.6497,0.4931,80.85,32,100,7.27,BF,2022-10-27 01:43:05,overcast clouds
265,Krasnouralsk,58.3638,60.0407,23.22,86,23,5.79,RU,2022-10-27 01:43:05,few clouds
266,Kyzyl-Suu,42.3414,78.0056,39.49,60,66,6.78,KG,2022-10-27 01:43:06,broken clouds
267,Zagyvarekas,47.2667,20.1333,52.12,96,0,2.3,HU,2022-10-27 01:43:06,clear sky
268,San Jacinto,33.7839,-116.9586,70.02,57,2,3.83,US,2022-10-27 01:43:06,clear sky
269,Kruisfontein,-34.0033,24.7314,55.89,91,0,5.99,ZA,2022-10-27 01:43:07,clear sky
270,Meulaboh,4.1363,96.1285,78.12,86,91,2.8,ID,2022-10-27 01:43:07,overcast clouds
271,Finspang,58.7058,15.7674,47.71,97,100,4.88,SE,2022-10-27 01:44:08,overcast clouds
272,Maun,-19.9833,23.4167,73.36,56,0,4.61,BW,2022-10-27 01:40:27,clear sky
273,Bodden Town,19.2833,-81.25,82.4,69,20,8.05,KY,2022-10-27 01:44:08,few clouds
274,Marzuq,14.4,46.4667,63.19,30,5,0.89,YE,2022-10-27 01:44:09,clear sky
275,Thiers,45.8333,3.5,59.32,74,11,4.56,FR,2022-10-27 01:44:09,few clouds
276,Hamilton,39.1834,-84.5333,50.09,74,100,5.75,US,2022-10-27 01:42:33,overcast clouds
277,Kutum,14.2,24.6667,65.03,33,85,7.09,SD,2022-10-27 01:44:10,overcast clouds
278,Sept-Iles,50.2001,-66.3821,54.12,96,75,11.5,CA,2022-10-27 01:41:56,broken clouds
279,Kamien Pomorski,53.9685,14.7726,48.56,92,99,8.66,PL,2022-10-27 01:44:10,overcast clouds
280,Litomysl,49.8681,16.313,56.26,90,52,2.19,CZ,2022-10-27 01:44:10,broken clouds
281,Dudinka,69.4058,86.1778,7.75,97,92,10.6,RU,2022-10-27 01:44:11,overcast clouds
282,Kayes,14.0,-11.0,79.56,30,7,1.59,ML,2022-10-27 01:44:11,clear sky
283,Carmo Do Paranaiba,-19.0008,-46.3161,69.75,67,0,4.65,BR,2022-10-27 01:41:58,clear sky
284,Grosseto,42.8333,11.25,67.91,88,45,4.61,IT,2022-10-27 01:44:12,mist
285,Nouadhibou,20.931,-17.0347,71.58,78,100,12.66,MR,2022-10-27 01:44:12,overcast clouds
286,Freeport,40.6576,-73.5832,66.29,86,75,12.66,US,2022-10-27 01:44:12,broken clouds
287,Jinka,5.65,36.65,63.34,85,99,3.15,ET,2022-10-27 01:44:13,light rain
288,Maraba,-5.3686,-49.1178,80.78,89,0,5.75,BR,2022-10-27 01:40:30,clear sky
289,Charyshskoye,51.3978,83.5598,39.83,86,99,6.15,RU,2022-10-27 01:44:14,overcast clouds
290,Gubkinskiy,64.434,76.5026,15.64,92,27,11.52,RU,2022-10-27 01:44:14,scattered clouds
291,Matara,5.9485,80.5353,76.06,83,99,5.06,LK,2022-10-27 01:44:14,overcast clouds
292,Sillamae,59.3997,27.7547,49.64,98,100,9.66,EE,2022-10-27 01:44:15,overcast clouds
293,Aksarka,66.5606,67.7975,27.25,81,100,16.82,RU,2022-10-27 01:44:15,overcast clouds
294,Hanko,59.8333,22.95,45.05,84,88,10.94,FI,2022-10-27 01:44:16,overcast clouds
295,Shubarshi,48.5872,57.1869,28.26,82,6,5.17,KZ,2022-10-27 01:44:16,clear sky
296,Sao Filipe,14.8961,-24.4956,79.75,76,100,5.23,CV,2022-10-27 01:44:16,overcast clouds
297,General Salgado,-20.6483,-50.3606,76.68,31,0,6.46,BR,2022-10-27 01:44:17,clear sky
298,Karia,11.7306,11.1629,74.08,23,15,8.41,NG,2022-10-27 01:44:17,few clouds
299,Madimba,-10.4,40.3333,72.23,87,100,4.34,TZ,2022-10-27 01:44:18,overcast clouds
300,Akhaldaba,41.654,42.1516,46.96,72,37,2.33,GE,2022-10-27 01:44:18,scattered clouds
301,Diplo,24.4667,69.584,75.16,85,0,6.38,PK,2022-10-27 01:44:19,clear sky
302,Sechura,-5.5569,-80.8222,63.75,80,24,12.01,PE,2022-10-27 01:44:19,few clouds
303,Cap Malheureux,-19.9842,57.6142,72.46,67,58,5.99,MU,2022-10-27 01:44:19,broken clouds
304,Impfondo,1.6381,18.0667,69.64,98,100,0.81,CG,2022-10-27 01:44:20,overcast clouds
305,Raudeberg,61.9875,5.1352,54.27,1,100,24.34,NO,2022-10-27 01:44:20,overcast clouds
306,Chimore,-16.9833,-65.1333,76.41,91,97,2.75,BO,2022-10-27 01:44:20,overcast clouds
307,Chandler,33.3062,-111.8412,73.98,24,0,3.44,US,2022-10-27 01:42:30,clear sky
308,San Carlos De Bariloche,-41.1456,-71.3082,48.02,57,40,23.02,AR,2022-10-27 01:39:32,scattered clouds
309,Saint-Paul,-21.0096,55.2707,72.36,82,100,3.53,RE,2022-10-27 01:42:52,light rain
310,Carballo,43.213,-8.691,67.87,84,61,10.04,ES,2022-10-27 01:44:21,broken clouds
311,Barcelos,41.5388,-8.6151,68.14,88,98,7.87,PT,2022-10-27 01:44:22,overcast clouds
312,Oranjemund,-28.55,16.4333,56.82,96,8,4.83,NA,2022-10-27 01:44:22,clear sky
313,Shakiso,5.75,38.9167,56.7,98,81,2.73,ET,2022-10-27 01:44:23,broken clouds
314,Port Blair,11.6667,92.75,78.84,94,40,2.3,IN,2022-10-27 01:44:23,mist
315,Port-Gentil,-0.7193,8.7815,78.33,86,100,5.55,GA,2022-10-27 01:44:23,moderate rain
316,Tahoua,14.8888,5.2692,77.47,17,100,10.42,NE,2022-10-27 01:44:24,overcast clouds
317,Sovetskiy,61.3614,63.5842,26.04,76,67,6.11,RU,2022-10-27 01:45:24,broken clouds
318,Mokrous,51.2333,47.5167,36.03,70,100,13.04,RU,2022-10-27 01:45:25,overcast clouds
319,Porto Nacional,-10.7081,-48.4172,78.8,80,29,1.88,BR,2022-10-27 01:45:26,scattered clouds
320,Urucara,-2.5364,-57.76,76.5,87,100,2.17,BR,2022-10-27 01:45:26,overcast clouds
321,Marrakesh,31.6315,-8.0083,69.87,35,0,4.61,MA,2022-10-27 01:45:27,clear sky
322,Webster,42.0501,-71.8801,66.07,95,92,4.83,US,2022-10-27 01:44:12,overcast clouds
323,Mwense,-10.3845,28.698,76.33,47,99,2.57,ZM,2022-10-27 01:45:27,overcast clouds
324,San Juan,-31.5375,-68.5364,72.99,26,0,9.33,AR,2022-10-27 01:45:28,clear sky
325,Sao Joao Do Piaui,-8.3581,-42.2467,74.14,90,100,3.02,BR,2022-10-27 01:45:28,overcast clouds
326,Maceio,-9.6658,-35.7353,78.24,83,75,2.3,BR,2022-10-27 01:44:22,broken clouds
327,Qena,26.1615,32.7183,69.94,56,0,4.63,EG,2022-10-27 01:45:28,clear sky
328,Namibe,-15.1961,12.1522,67.57,77,99,5.1,AO,2022-10-27 01:45:29,overcast clouds
329,Aleppo,36.25,37.5,62.17,53,9,8.43,SY,2022-10-27 01:45:29,clear sky
330,Parrita,9.5201,-84.3225,77.72,88,100,2.68,CR,2022-10-27 01:45:30,overcast clouds
331,Khudumelapye,-23.8833,24.75,74.37,42,100,12.73,BW,2022-10-27 01:45:30,overcast clouds
332,Tazovskiy,67.4667,78.7,23.41,95,100,15.23,RU,2022-10-27 01:45:30,light snow
333,Sault Sainte Marie,46.5168,-84.3333,41.29,65,100,17.27,CA,2022-10-27 01:42:27,overcast clouds
334,Chabahar,25.2919,60.643,82.87,42,0,4.54,IR,2022-10-27 01:45:31,clear sky
335,Husavik,66.0449,-17.3389,38.12,93,98,5.06,IS,2022-10-27 01:45:31,overcast clouds
336,Santa Vitoria Do Palmar,-33.5189,-53.3681,64.08,94,100,12.3,BR,2022-10-27 01:45:32,overcast clouds
337,Bat Khela,34.6167,71.9714,62.42,42,0,6.33,PK,2022-10-27 01:45:32,clear sky
338,Lexington Park,38.2668,-76.4538,60.48,93,0,4.61,US,2022-10-27 01:45:32,mist
339,Otjimbingwe,-22.35,16.1333,71.58,43,33,3.51,NA,2022-10-27 01:45:33,scattered clouds
340,Druzhba,52.0428,33.9453,42.12,92,100,8.7,UA,2022-10-27 01:45:33,overcast clouds
341,Osypenko,46.9136,36.8253,54.3,88,100,11.88,UA,2022-10-27 01:45:33,overcast clouds
342,Darnah,32.767,22.6367,68.54,81,0,9.13,LY,2022-10-27 01:45:34,clear sky
343,Kautokeino,69.0125,23.0412,22.1,91,43,1.28,NO,2022-10-27 01:45:34,scattered clouds
344,Agadez,19.75,10.25,67.78,28,0,11.9,NE,2022-10-27 01:45:35,clear sky
345,Bekhtery,46.251,32.2927,53.06,87,5,9.4,UA,2022-10-27 01:45:35,clear sky
346,Mabaruma,8.2,-59.7833,73.96,97,88,2.95,GY,2022-10-27 01:45:35,overcast clouds
347,Great Yarmouth,52.6083,1.7305,59.02,92,100,10.18,GB,2022-10-27 01:45:35,overcast clouds
348,Borgarnes,64.5383,-21.9206,37.45,87,56,7.85,IS,2022-10-27 01:45:36,broken clouds
349,Sitrah,26.1547,50.6206,82.4,74,20,2.3,BH,2022-10-27 01:45:36,few clouds
350,Kabo,7.6994,18.629,74.64,60,98,2.82,CF,2022-10-27 01:45:36,overcast clouds
351,Kalangala,-0.3089,32.225,70.95,77,72,8.05,UG,2022-10-27 01:45:37,light rain
352,Tunceli,39.1083,39.5471,51.08,59,63,3.4,TR,2022-10-27 01:45:37,broken clouds
353,Banfora,10.6333,-4.7667,77.61,66,67,2.19,BF,2022-10-27 01:45:37,broken clouds
354,Kigoma,-4.8769,29.6267,75.9,70,93,3.09,TZ,2022-10-27 01:45:38,overcast clouds
355,Bobrovytsya,50.75,31.3833,46.04,94,21,10.56,UA,2022-10-27 01:45:38,few clouds
356,Harper,4.375,-7.7169,77.11,88,99,5.82,LR,2022-10-27 01:45:38,light rain
357,Beisfjord,68.3751,17.5988,39.04,91,100,0.6,NO,2022-10-27 01:45:39,overcast clouds
358,Nanortalik,60.1432,-45.2371,33.4,98,99,3.67,GL,2022-10-27 01:45:39,overcast clouds
359,Opuwo,-18.0607,13.84,67.41,37,10,2.3,NA,2022-10-27 01:45:39,clear sky
360,Arak,34.0917,49.6892,54.66,40,14,2.01,IR,2022-10-27 01:45:40,few clouds
361,Matay,28.419,30.7792,68.54,70,0,8.63,EG,2022-10-27 01:45:40,clear sky
362,Kuminskiy,58.6667,66.5667,23.92,87,7,4.34,RU,2022-10-27 01:45:40,clear sky
363,Saint-Gaudens,43.0833,0.6667,57.02,52,64,7.38,FR,2022-10-27 01:46:41,broken clouds
364,Ambilobe,-13.2,49.05,67.6,76,34,4.14,MG,2022-10-27 01:46:41,scattered clouds
365,Schrobenhausen,48.55,11.2667,53.28,100,100,0.0,DE,2022-10-27 01:46:41,fog
366,Kinna,57.5073,12.6946,56.75,96,100,7.45,SE,2022-10-27 01:46:42,overcast clouds
367,Maniitsoq,65.4167,-52.9,32.45,97,100,22.26,GL,2022-10-27 01:46:42,snow
368,Sydney Mines,46.2367,-60.2177,64.15,96,100,5.75,CA,2022-10-27 01:46:42,mist
369,Alvorada,-12.48,-49.1247,76.41,69,34,4.7,BR,2022-10-27 01:46:42,scattered clouds
370,Neyvo-Shaytanskiy,57.7286,61.2496,22.59,91,15,4.7,RU,2022-10-27 01:46:43,few clouds
371,Trelew,-43.249,-65.3051,64.2,25,0,21.3,AR,2022-10-27 01:46:18,clear sky
372,Mehamn,71.0357,27.8492,31.91,93,75,6.91,NO,2022-10-27 01:46:43,broken clouds
373,Nantucket,41.2835,-70.0995,64.54,99,100,8.05,US,2022-10-27 01:46:16,fog
374,Kusadak,44.3997,20.8033,53.89,71,93,1.48,RS,2022-10-27 01:46:43,overcast clouds
375,Naryan-Mar,67.6713,53.087,29.03,96,100,17.94,RU,2022-10-27 01:46:44,light snow
376,Pisco,-13.7,-76.2167,60.85,82,0,16.11,PE,2022-10-27 01:44:53,clear sky
377,Dehloran,32.6941,47.2679,80.87,18,63,4.12,IR,2022-10-27 01:46:44,broken clouds
378,Tutoia,-2.7619,-42.2744,79.18,77,100,10.87,BR,2022-10-27 01:46:44,overcast clouds
379,San Clemente,33.427,-117.612,67.77,80,2,3.0,US,2022-10-27 01:46:45,clear sky
380,Itarema,-2.9248,-39.9167,78.35,75,100,14.12,BR,2022-10-27 01:46:45,overcast clouds
381,Santarem,-2.4431,-54.7083,78.93,94,0,5.75,BR,2022-10-27 01:46:45,clear sky
382,Nikolskoye,59.7035,30.7861,49.91,98,100,4.05,RU,2022-10-27 01:46:46,overcast clouds
383,Vilhena,-12.7406,-60.1458,72.05,82,37,3.51,BR,2022-10-27 01:46:46,scattered clouds
384,Taltal,-25.4,-70.4833,61.14,69,1,2.93,CL,2022-10-27 01:46:46,clear sky
385,Jaen,38.0,-3.5,66.4,32,97,8.99,ES,2022-10-27 01:46:47,overcast clouds
386,Quatre Cocos,-20.2078,57.7625,72.09,78,70,10.33,MU,2022-10-27 01:46:47,light rain
387,Wicklow,53.0,-6.4167,52.23,92,100,10.07,IE,2022-10-27 01:46:47,overcast clouds
388,Acu,-5.5767,-36.9086,77.07,68,98,9.8,BR,2022-10-27 01:46:48,overcast clouds
389,Sao Jose Da Coroa Grande,-8.8978,-35.1478,77.0,78,93,6.69,BR,2022-10-27 01:46:48,overcast clouds
390,Mozelos,41.8677,-8.3978,66.88,93,83,5.28,PT,2022-10-27 01:46:48,broken clouds
391,Rocha,-34.4833,-54.3333,61.0,85,2,14.47,UY,2022-10-27 01:46:48,clear sky
392,Koslan,63.4564,48.8989,30.72,90,100,11.3,RU,2022-10-27 01:46:49,overcast clouds
393,Merritt Island,28.5392,-80.672,79.03,77,40,8.05,US,2022-10-27 01:42:45,scattered clouds
394,Paamiut,61.994,-49.6678,36.93,81,100,18.41,GL,2022-10-27 01:46:49,overcast clouds
395,Soubre,5.7856,-6.6083,72.01,99,68,1.72,CI,2022-10-27 01:46:49,broken clouds
396,Ijui,-28.3878,-53.9147,64.22,94,100,10.51,BR,2022-10-27 01:46:50,overcast clouds
397,Cotonou,6.3654,2.4183,79.59,82,65,3.51,BJ,2022-10-27 01:46:50,light rain
398,Ceres,37.5949,-120.9577,66.52,33,0,11.5,US,2022-10-27 01:46:50,clear sky
399,Trojes,41.756,19.962,55.56,71,4,6.8,AL,2022-10-27 01:46:51,clear sky
400,San Cristobal,7.7669,-72.225,69.98,89,92,1.79,VE,2022-10-27 01:46:51,overcast clouds
401,Salto,-31.3833,-57.9667,62.87,100,0,1.99,UY,2022-10-27 01:44:56,clear sky
402,Ilo,-17.6394,-71.3375,60.98,81,36,6.33,PE,2022-10-27 01:46:51,scattered clouds
403,Mersin,36.862,34.6509,69.35,45,0,5.17,TR,2022-10-27 01:46:52,clear sky
404,Kirillov,59.863,38.3813,37.09,92,100,8.68,RU,2022-10-27 01:46:52,overcast clouds
405,Havelock,34.8791,-76.9013,71.55,94,0,3.44,US,2022-10-27 01:46:52,clear sky
406,Kastamonu,41.5,33.6667,44.85,93,1,3.38,TR,2022-10-27 01:46:53,clear sky
407,Bud,39.447,-86.1758,46.35,91,5,5.61,US,2022-10-27 01:47:53,clear sky
408,Bell Ville,-32.6259,-62.6887,61.66,44,0,5.23,AR,2022-10-27 01:47:54,clear sky
409,Goure,13.9835,10.2704,74.23,22,24,7.52,NE,2022-10-27 01:47:54,few clouds
410,Usinsk,65.9939,57.5281,27.64,90,100,20.67,RU,2022-10-27 01:47:54,overcast clouds
411,Niquero,20.0431,-77.5828,77.16,64,6,8.28,CU,2022-10-27 01:47:54,clear sky
412,Pokhara,28.2333,83.9833,64.58,66,8,0.58,NP,2022-10-27 01:45:08,clear sky
413,Rovaniemi,66.5,25.7167,27.81,100,100,4.61,FI,2022-10-27 01:47:55,overcast clouds
414,Snasa,64.2457,12.3778,45.81,91,100,4.56,NO,2022-10-27 01:47:55,light rain
415,Bubaque,11.2833,-15.8333,83.64,75,6,3.69,GW,2022-10-27 01:47:55,clear sky
416,Azangaro,-14.9167,-70.2167,51.76,40,70,1.92,PE,2022-10-27 01:47:56,broken clouds
417,Bakhmach,51.1808,32.7569,48.47,92,94,11.43,UA,2022-10-27 01:47:56,overcast clouds
418,Hounde,11.5,-3.5167,80.92,54,99,2.51,BF,2022-10-27 01:44:29,overcast clouds
419,Kasongo-Lunda,-6.4667,16.8167,69.17,98,100,0.85,CD,2022-10-27 01:47:56,overcast clouds
420,Mosquera,4.7059,-74.2302,57.29,88,75,6.91,CO,2022-10-27 01:43:42,broken clouds
421,Pozo Colorado,-23.4923,-58.7972,72.9,95,100,2.3,PY,2022-10-27 01:47:57,moderate rain
422,Kazerun,29.6195,51.6541,68.79,31,51,2.84,IR,2022-10-27 01:47:57,broken clouds
423,Bugulma,54.55,52.8,25.7,82,24,4.88,RU,2022-10-27 01:47:57,few clouds
424,Awbari,26.5921,12.7805,63.39,35,0,6.93,LY,2022-10-27 01:47:58,clear sky
425,Kalabo,-14.97,22.6814,74.12,50,75,4.38,ZM,2022-10-27 01:47:58,broken clouds
426,Belmonte,-15.8631,-38.8828,72.41,88,21,3.53,BR,2022-10-27 01:47:58,few clouds
427,Cururupu,-1.8283,-44.8683,76.03,85,100,3.49,BR,2022-10-27 01:43:17,overcast clouds
428,Mazamari,-11.3258,-74.5308,72.59,81,100,2.68,PE,2022-10-27 01:47:59,overcast clouds
429,Luangwa,-15.6167,30.4167,77.34,45,1,2.82,ZM,2022-10-27 01:47:59,clear sky
430,Alta Floresta,-9.8756,-56.0861,73.85,88,67,3.91,BR,2022-10-27 01:47:59,broken clouds
431,Itapissuma,-7.7764,-34.8922,80.64,82,82,5.48,BR,2022-10-27 01:48:00,broken clouds
432,Shache,38.4167,77.2406,53.71,28,84,4.29,CN,2022-10-27 01:48:00,broken clouds
433,Diffa,13.3154,12.6113,74.55,29,2,9.06,NE,2022-10-27 01:48:00,clear sky
434,Houma,29.5958,-90.7195,57.0,82,0,0.0,US,2022-10-27 01:48:01,clear sky
435,Scarborough,54.2797,-0.4044,53.91,89,100,8.01,GB,2022-10-27 01:48:01,overcast clouds
436,Fort-Shevchenko,44.5086,50.263,50.76,54,100,18.28,KZ,2022-10-27 01:48:01,overcast clouds
437,Oranjestad,12.524,-70.027,80.91,84,20,4.61,AW,2022-10-27 01:48:02,few clouds
438,Iskateley,67.6803,53.1512,28.9,96,100,17.96,RU,2022-10-27 01:48:02,light snow
439,Ramgarh,23.6333,85.5167,66.25,53,0,2.89,IN,2022-10-27 01:44:38,clear sky
440,Sitio Novo Do Tocantins,-5.5183,-47.4611,75.29,84,92,2.13,BR,2022-10-27 01:48:02,overcast clouds
441,Tabou,4.423,-7.3528,77.4,87,86,4.7,CI,2022-10-27 01:48:03,overcast clouds
442,Itabira,-19.6192,-43.2269,63.1,93,1,2.89,BR,2022-10-27 01:48:03,clear sky
443,Arys,42.4252,68.795,52.34,58,100,6.64,KZ,2022-10-27 01:44:32,overcast clouds
444,Tarko-Sale,64.9225,77.785,14.92,93,69,12.1,RU,2022-10-27 01:48:04,broken clouds
445,Amapa,1.0,-52.0,73.94,86,100,2.8,BR,2022-10-27 01:48:04,overcast clouds
446,Jacobina,-11.1806,-40.5183,69.84,94,100,3.6,BR,2022-10-27 01:48:04,overcast clouds
447,Domoni,-12.2569,44.5319,75.07,83,100,8.75,KM,2022-10-27 01:48:05,overcast clouds
448,Santa Marta,11.2408,-74.199,82.89,78,75,12.66,CO,2022-10-27 01:48:05,broken clouds
449,Izyum,49.2088,37.2485,49.89,88,100,13.09,UA,2022-10-27 01:48:06,overcast clouds
450,Chernyy Yar,48.0624,46.1091,42.1,75,100,14.27,RU,2022-10-27 01:48:06,light rain
451,Santa Cruz Cabralia,-16.2781,-39.0247,75.43,88,40,8.05,BR,2022-10-27 01:48:06,scattered clouds
452,Sergeyevka,53.88,67.4158,28.36,85,100,18.45,KZ,2022-10-27 01:48:07,overcast clouds
453,Valparaiso,-33.0393,-71.6273,60.44,58,0,4.61,CL,2022-10-27 01:48:07,clear sky
454,Acari,-15.4311,-74.6158,66.25,72,52,3.18,PE,2022-10-27 01:48:07,broken clouds
455,Palma Soriano,20.2172,-75.9989,77.86,91,5,2.3,CU,2022-10-27 01:49:08,clear sky
456,Dakar,14.6937,-17.4441,79.68,77,84,17.0,SN,2022-10-27 01:49:08,broken clouds
457,Mocuba,-16.8392,36.9856,72.21,45,0,3.27,MZ,2022-10-27 01:49:08,clear sky
458,Sambava,-14.2667,50.1667,71.56,75,95,7.16,MG,2022-10-27 01:49:09,overcast clouds
459,Santa Rosa,14.3122,121.1114,88.09,63,98,5.95,PH,2022-10-27 01:49:09,overcast clouds
460,Bojnurd,37.4747,57.329,35.55,93,0,0.0,IR,2022-10-27 01:49:10,clear sky
461,Vyazovaya,54.905,58.3561,23.27,92,89,2.66,RU,2022-10-27 01:49:10,overcast clouds
462,Sao Felix Do Xingu,-6.6447,-51.995,72.77,93,100,0.81,BR,2022-10-27 01:49:10,overcast clouds
463,Nuuk,64.1835,-51.7216,39.81,75,100,26.46,GL,2022-10-27 01:49:11,light shower snow
464,Kudahuvadhoo,2.6708,72.8944,80.89,79,84,7.78,MV,2022-10-27 01:49:11,broken clouds
465,Onega,63.9061,38.1404,38.03,96,100,10.51,RU,2022-10-27 01:49:11,overcast clouds
466,Saint Anthony,45.0205,-93.218,44.89,72,0,6.91,US,2022-10-27 01:49:12,clear sky
467,Kumluca,36.3703,30.2869,71.24,36,0,6.73,TR,2022-10-27 01:49:12,clear sky
468,Chiredzi,-21.05,31.6667,72.19,81,24,10.83,ZW,2022-10-27 01:49:12,few clouds
469,Yenagoa,4.9247,6.2642,75.94,95,100,2.82,NG,2022-10-27 01:49:13,overcast clouds
470,Pergine Valsugana,46.065,11.238,58.39,80,10,2.59,IT,2022-10-27 01:49:13,clear sky
471,Anloga,5.7947,0.8973,79.75,81,53,2.51,GH,2022-10-27 01:49:13,broken clouds
472,Kharovsk,59.9642,40.1912,34.97,92,100,9.73,RU,2022-10-27 01:49:14,light snow
473,Bonthe,7.5264,-12.505,77.56,86,18,3.15,SL,2022-10-27 01:49:14,moderate rain
474,Aksu,41.1231,80.2644,50.05,32,2,4.21,CN,2022-10-27 01:49:15,clear sky
475,Roanoke Rapids,36.4615,-77.6542,60.85,100,100,0.0,US,2022-10-27 01:49:15,fog
476,Pietarsaari,63.65,22.6833,41.9,89,10,4.7,FI,2022-10-27 01:49:16,clear sky
477,Jibuti,11.5,42.5,72.36,74,8,11.39,DJ,2022-10-27 01:49:16,clear sky
478,Chernyshkovskiy,48.4219,42.2308,46.11,88,100,18.16,RU,2022-10-27 01:49:16,light rain
479,Jutai,-5.1833,-68.9,78.53,82,77,2.75,BR,2022-10-27 01:49:17,broken clouds
480,Saint Leonard,47.173,-67.9247,63.81,98,100,5.95,CA,2022-10-27 01:49:17,moderate rain
481,Hammerfest,70.6634,23.6821,32.45,100,20,4.61,NO,2022-10-27 01:49:17,few clouds
482,Jacqueville,5.2052,-4.4146,79.3,82,68,4.54,CI,2022-10-27 01:49:18,light rain
483,Trincomalee,8.5711,81.2335,81.61,58,51,4.65,LK,2022-10-27 01:49:18,broken clouds
484,Indiaroba,-11.5192,-37.5117,72.55,97,100,4.38,BR,2022-10-27 01:49:19,light rain
485,Jacmel,18.2342,-72.5347,75.85,85,92,7.78,HT,2022-10-27 01:49:19,overcast clouds
486,Kenmare,51.8833,-9.5833,58.06,97,100,7.4,IE,2022-10-27 01:49:19,overcast clouds
487,Ferme-Neuve,46.7001,-75.4493,59.32,84,91,8.99,CA,2022-10-27 01:49:20,overcast clouds
488,Zaozerne,45.1582,33.2787,57.51,79,2,12.24,UA,2022-10-27 01:49:20,clear sky
489,Bogotol,56.2078,89.5342,32.36,55,100,5.73,RU,2022-10-27 01:49:21,overcast clouds
490,Saryozek,44.3583,77.9753,43.88,77,98,1.05,KZ,2022-10-27 01:49:21,overcast clouds
491,Autun,46.95,4.3,53.29,97,8,1.95,FR,2022-10-27 01:49:21,clear sky
492,Codajas,-3.8367,-62.0569,79.07,81,100,0.4,BR,2022-10-27 01:49:22,overcast clouds
493,Plettenberg Bay,-34.0527,23.3716,60.98,73,2,3.78,ZA,2022-10-27 01:49:22,clear sky
494,Tocopilla,-22.092,-70.1979,62.58,69,13,7.87,CL,2022-10-27 01:49:22,few clouds
495,Torit,4.4133,32.5678,72.25,84,100,1.81,SS,2022-10-27 01:49:23,overcast clouds
496,Agnibilekrou,7.1344,-3.2047,70.77,98,69,2.93,CI,2022-10-27 01:49:23,broken clouds
497,Cape Canaveral,28.4058,-80.6048,79.02,82,0,8.05,US,2022-10-27 01:49:23,clear sky
498,Kumbo,6.2,10.6667,58.35,87,38,2.71,CM,2022-10-27 01:49:23,scattered clouds
499,Maragogi,-9.0122,-35.2225,77.05,78,99,6.82,BR,2022-10-27 01:46:36,overcast clouds
500,Ruwi,23.5996,58.5507,76.69,58,0,6.06,OM,2022-10-27 01:49:24,clear sky
501,Siavonga,-16.5382,28.7088,79.68,45,76,3.13,ZM,2022-10-27 01:49:24,broken clouds
502,Killybegs,54.6333,-8.45,53.11,85,100,15.5,IE,2022-10-27 01:49:24,overcast clouds
503,Conde,-7.2597,-34.9075,78.26,78,20,5.75,BR,2022-10-27 01:50:25,few clouds
504,Pandharpur,17.6667,75.3333,69.13,70,0,4.47,IN,2022-10-27 01:50:25,clear sky
505,Torbeyevo,54.0797,43.2473,33.19,97,100,14.67,RU,2022-10-27 01:50:26,snow
506,Chitral,35.8462,71.7858,54.97,55,1,3.44,PK,2022-10-27 01:50:26,clear sky
507,Gwadar,25.1216,62.3254,82.44,39,0,9.98,PK,2022-10-27 01:50:26,clear sky
508,Cananeia,-25.0147,-47.9267,68.23,94,48,4.18,BR,2022-10-27 01:50:27,scattered clouds
509,Iguai,-14.7564,-40.0892,67.53,98,62,1.74,BR,2022-10-27 01:49:28,broken clouds
510,Taybad,34.74,60.7756,53.6,54,0,7.87,IR,2022-10-27 01:50:27,clear sky
511,Weligama,5.9667,80.4167,75.96,83,88,5.23,LK,2022-10-27 01:50:28,overcast clouds
512,Slobidka,47.8869,29.3461,46.81,94,0,8.14,UA,2022-10-27 01:50:28,clear sky
513,Angoche,-16.2325,39.9086,70.72,84,0,10.11,MZ,2022-10-27 01:50:29,clear sky
514,Filadelfia,39.9523,-75.1638,62.1,92,66,1.01,US,2022-10-27 01:47:35,broken clouds
515,Borovoy,55.4333,86.0833,34.88,93,75,6.71,RU,2022-10-27 01:50:29,snow
516,Mogadishu,2.0371,45.3438,77.88,85,69,11.27,SO,2022-10-27 01:50:29,light rain
517,Buchanan,5.8808,-10.0467,77.14,90,97,5.61,LR,2022-10-27 01:50:30,moderate rain
518,Waterlooville,50.8807,-1.0304,60.94,97,100,1.99,GB,2022-10-27 01:50:30,overcast clouds
519,Xuddur,4.1213,43.8894,71.82,90,53,10.92,SO,2022-10-27 01:50:30,broken clouds
520,Megion,61.0296,76.1136,19.02,93,10,4.9,RU,2022-10-27 01:50:31,clear sky
521,Legnica,51.2101,16.1619,56.77,86,26,5.28,PL,2022-10-27 01:45:43,scattered clouds
522,Barra Do Corda,-5.5,-45.25,74.55,90,92,1.39,BR,2022-10-27 01:50:31,overcast clouds
523,Griffin,33.2468,-84.2641,55.6,80,0,6.91,US,2022-10-27 01:50:31,clear sky
524,Chipinge,-20.1883,32.6236,62.58,87,100,4.9,ZW,2022-10-27 01:50:32,overcast clouds
525,Ornskoldsvik,63.2909,18.7153,31.15,100,89,5.75,SE,2022-10-27 01:50:32,overcast clouds
526,Bandar-E Lengeh,26.5579,54.8807,81.07,52,1,3.87,IR,2022-10-27 01:50:32,clear sky
527,Neuquen,-38.9516,-68.0591,64.29,22,0,17.27,AR,2022-10-27 01:50:33,clear sky
528,Rafai,4.95,23.9167,68.5,97,90,1.57,CF,2022-10-27 01:50:33,overcast clouds
529,Inhambane,-23.865,35.3833,74.61,92,100,5.41,MZ,2022-10-27 01:50:33,overcast clouds
530,Lonar,19.9833,76.5333,67.82,66,0,1.97,IN,2022-10-27 01:50:34,clear sky
531,Vero Beach,27.6386,-80.3973,78.04,75,0,6.91,US,2022-10-27 01:50:34,clear sky
532,Albany,42.6001,-73.9662,66.61,85,90,4.0,US,2022-10-27 01:50:34,overcast clouds
533,New Delhi,28.6128,77.2311,66.36,82,0,2.3,IN,2022-10-27 01:45:38,mist
534,Laguna,38.421,-121.4238,68.09,26,0,9.22,US,2022-10-27 01:50:35,clear sky
535,Astana,51.1801,71.446,31.95,93,100,11.18,KZ,2022-10-27 01:50:35,light snow
536,Douentza,14.9951,-2.9517,85.91,25,100,5.77,ML,2022-10-27 01:50:36,overcast clouds
537,Villa Bruzual,9.3328,-69.1208,75.81,90,100,4.03,VE,2022-10-27 01:50:36,overcast clouds
538,Touros,-5.1989,-35.4608,76.96,77,57,10.67,BR,2022-10-27 01:50:36,broken clouds
539,Honda,5.2086,-74.7358,73.65,94,100,1.1,CO,2022-10-27 01:50:37,light rain
540,Port Hawkesbury,45.6169,-61.3485,61.97,100,100,11.99,CA,2022-10-27 01:50:37,fog
541,El Retorno,2.3302,-72.6276,74.19,95,100,0.38,CO,2022-10-27 01:50:37,overcast clouds
542,Columbus,39.9612,-82.9988,51.06,71,100,9.22,US,2022-10-27 01:49:29,overcast clouds
543,Sao Miguel Do Araguaia,-13.275,-50.1628,78.58,59,27,3.96,BR,2022-10-27 01:50:38,scattered clouds
544,Tromso,69.6496,18.957,37.42,81,100,6.91,NO,2022-10-27 01:50:38,overcast clouds
545,Gbarnga,6.9956,-9.4722,71.37,99,94,3.33,LR,2022-10-27 01:50:38,moderate rain
546,Merta,26.65,74.0333,71.87,49,0,6.6,IN,2022-10-27 01:50:39,clear sky
547,Veraval,20.9,70.3667,75.45,70,1,8.39,IN,2022-10-27 01:50:39,clear sky
548,Malakal,9.5334,31.6605,71.71,59,100,5.03,SS,2022-10-27 01:50:39,overcast clouds
549,Rognan,67.0953,15.3878,37.89,97,100,3.09,NO,2022-10-27 01:51:40,overcast clouds
550,Guia De Isora,28.2115,-16.7795,64.98,83,1,1.39,ES,2022-10-27 01:51:40,clear sky
551,Calama,-22.4667,-68.9333,55.89,18,0,6.91,CL,2022-10-27 01:51:40,clear sky
552,Aktau,43.65,51.2,43.38,54,100,19.17,KZ,2022-10-27 01:51:40,overcast clouds
553,Sombrio,-29.1139,-49.6167,71.94,86,100,4.34,BR,2022-10-27 01:51:41,overcast clouds
554,Umm Lajj,25.0213,37.2685,77.25,58,100,12.41,SA,2022-10-27 01:51:41,overcast clouds
555,Bongor,10.2806,15.3722,72.45,33,28,3.44,TD,2022-10-27 01:51:41,scattered clouds
556,Shawville,45.6001,-76.4827,61.86,83,100,10.76,CA,2022-10-27 01:51:42,overcast clouds
557,Nyrob,60.733,56.7202,26.4,91,99,7.16,RU,2022-10-27 01:51:42,overcast clouds
558,Bajram Curri,42.3554,20.0784,56.8,83,7,4.03,AL,2022-10-27 01:51:42,clear sky
559,Garissa,-0.4536,39.6401,76.03,84,49,11.14,KE,2022-10-27 01:51:42,scattered clouds
560,West Bay,19.3667,-81.4167,82.47,72,20,8.05,KY,2022-10-27 01:51:43,few clouds
561,Los Andes,-32.8337,-70.5983,62.01,44,0,1.34,CL,2022-10-27 01:51:43,clear sky
562,Togul,53.465,85.9128,37.09,64,100,5.57,RU,2022-10-27 01:51:43,overcast clouds
563,Byumba,-1.5763,30.0675,57.4,81,96,3.65,RW,2022-10-27 01:51:44,overcast clouds
564,Damghan,36.1683,54.348,53.71,55,6,0.83,IR,2022-10-27 01:51:44,clear sky
565,Huaraz,-9.5333,-77.5333,56.14,60,100,0.13,PE,2022-10-27 01:51:44,overcast clouds
566,Fomboni,-12.28,43.7425,77.9,75,98,18.57,KM,2022-10-27 01:51:45,overcast clouds
567,Werneck,49.9833,10.1,53.78,92,67,2.13,DE,2022-10-27 01:51:45,broken clouds
568,Colesberg,-30.72,25.0972,68.79,23,99,8.1,ZA,2022-10-27 01:51:45,overcast clouds
569,Asmara,15.3333,38.9333,55.44,92,96,4.54,ER,2022-10-27 01:51:45,overcast clouds
570,Iberia,29.9502,-91.7507,57.27,72,0,0.0,US,2022-10-27 01:51:46,clear sky
571,Zory,50.0452,18.7006,54.95,97,25,5.73,PL,2022-10-27 01:51:46,scattered clouds
572,Nizhnevartovsk,60.9344,76.5531,19.02,100,0,0.0,RU,2022-10-27 01:51:46,clear sky
573,Vallenar,-28.5708,-70.7581,63.52,38,0,2.71,CL,2022-10-27 01:47:02,clear sky
574,Tonekabon,36.8163,50.8738,62.55,64,85,3.27,IR,2022-10-27 01:51:46,overcast clouds
575,Upleta,21.7333,70.2833,74.23,74,0,2.55,IN,2022-10-27 01:51:47,clear sky
576,Lamu,-2.2717,40.902,77.22,87,100,10.02,KE,2022-10-27 01:51:47,light rain
577,Loughrea,53.1969,-8.5669,53.44,89,100,12.28,IE,2022-10-27 01:51:47,overcast clouds
578,Kalmunai,7.4167,81.8167,80.04,68,21,4.27,LK,2022-10-27 01:51:48,few clouds
579,Camacha,33.0833,-16.3333,67.42,83,75,4.61,PT,2022-10-27 01:51:48,broken clouds
580,Kargasok,59.0556,80.8572,29.48,96,100,11.5,RU,2022-10-27 01:51:48,light snow
581,General Roca,-39.0333,-67.5833,66.61,28,0,23.91,AR,2022-10-27 01:51:48,clear sky
582,Saint-Francois,46.4154,3.9054,52.68,100,0,3.44,FR,2022-10-27 01:51:49,clear sky
583,Nioro,13.35,-15.75,77.36,54,52,3.2,GM,2022-10-27 01:51:49,broken clouds
584,Eina,60.6295,10.5993,38.52,99,100,2.3,NO,2022-10-27 01:51:49,overcast clouds
585,Togur,58.3631,82.8265,29.93,83,100,5.73,RU,2022-10-27 01:51:50,overcast clouds
586,Kibala,9.1104,18.3463,69.75,94,0,0.0,TD,2022-10-27 01:51:50,clear sky
587,Carbonia,39.1672,8.5222,52.75,33,100,4.12,IT,2022-10-27 01:50:13,overcast clouds
588,La Ligua,-32.4524,-71.2311,54.23,88,0,1.25,CL,2022-10-27 01:47:48,clear sky
589,Rio Gallegos,-51.6226,-69.2181,57.25,47,75,20.71,AR,2022-10-27 01:47:03,broken clouds
590,Dvinskoy,62.1535,45.1175,32.81,98,100,9.22,RU,2022-10-27 01:51:50,light snow
591,Spasskoye,44.6108,132.7969,43.21,60,69,11.25,RU,2022-10-27 01:51:51,broken clouds
592,Les Cayes,18.2,-73.75,75.07,86,66,7.61,HT,2022-10-27 01:51:51,broken clouds
593,Orsha,54.5153,30.4053,47.32,93,100,8.19,BY,2022-10-27 01:51:51,overcast clouds
594,Nurlat,54.4277,50.8051,28.11,78,71,6.29,RU,2022-10-27 01:51:51,broken clouds
595,Einbeck,51.8167,9.8667,58.71,94,78,4.12,DE,2022-10-27 01:51:52,broken clouds
596,Liverpool,53.4106,-2.9779,56.52,90,100,9.22,GB,2022-10-27 01:49:36,overcast clouds
597,Porto Novo,6.4965,2.6036,77.56,87,40,2.26,BJ,2022-10-27 01:52:52,scattered clouds
598,Baghmara,23.795,86.2085,72.37,48,0,2.95,IN,2022-10-27 01:52:52,clear sky
599,Sarkand,45.41,79.9186,45.27,57,86,4.47,KZ,2022-10-27 01:52:53,overcast clouds
600,Doume,4.2333,13.45,66.94,99,72,2.62,CM,2022-10-27 01:52:53,broken clouds
601,Kuytun,54.3419,101.5036,29.14,65,4,3.91,RU,2022-10-27 01:52:53,clear sky
602,Inirida,3.8653,-67.9239,77.72,88,100,2.01,CO,2022-10-27 01:52:53,overcast clouds
603,Puerto Ayacucho,5.6639,-67.6236,77.7,85,88,3.83,VE,2022-10-27 01:52:54,overcast clouds
604,Waldkraiburg,48.2085,12.3989,52.48,98,78,2.48,DE,2022-10-27 01:52:54,broken clouds
605,Igrim,63.1906,64.4162,26.24,84,100,10.33,RU,2022-10-27 01:52:54,overcast clouds
606,Lima,-12.0432,-77.0282,60.91,83,100,8.05,PE,2022-10-27 01:52:53,overcast clouds
607,Tahta,26.7693,31.5021,69.55,58,0,4.94,EG,2022-10-27 01:52:55,clear sky
608,Naldurg,17.8167,76.3,66.74,68,2,7.47,IN,2022-10-27 01:52:55,clear sky
609,Morro Da Fumaca,-28.6508,-49.21,66.67,90,100,2.33,BR,2022-10-27 01:52:55,overcast clouds
610,Aripuana,-9.1667,-60.6333,79.48,73,99,1.95,BR,2022-10-27 01:52:56,overcast clouds
611,Buriti Alegre,-18.14,-49.0403,74.62,43,22,4.9,BR,2022-10-27 01:52:56,few clouds
612,Itaituba,-4.2761,-55.9836,80.76,89,20,0.0,BR,2022-10-27 01:52:56,few clouds
613,Soyo,-6.1349,12.3689,76.71,90,80,8.81,AO,2022-10-27 01:52:57,broken clouds
614,Ouagadougou,12.3642,-1.5383,80.73,61,0,3.44,BF,2022-10-27 01:50:31,clear sky
615,Kasongo,-4.45,26.6667,66.79,97,84,2.3,CD,2022-10-27 01:52:57,broken clouds
616,Westport,41.1415,-73.3579,65.86,91,75,9.22,US,2022-10-27 01:52:57,broken clouds
617,Humaita,-7.5061,-63.0208,74.93,97,100,0.67,BR,2022-10-27 01:52:58,light rain
618,Aljezur,37.3191,-8.8033,65.66,90,75,5.79,PT,2022-10-27 01:52:58,broken clouds
619,Malko Tarnovo,41.9833,27.5333,53.35,71,79,1.41,BG,2022-10-27 01:52:58,broken clouds
620,Bluefields,12.0137,-83.7635,78.73,84,99,5.82,NI,2022-10-27 01:52:58,overcast clouds
621,Jalingo,8.8833,11.3667,74.68,58,71,3.02,NG,2022-10-27 01:52:59,broken clouds
622,Gulariya,28.2333,81.3333,65.52,74,0,2.95,NP,2022-10-27 01:52:59,clear sky
623,Ancud,-41.8697,-73.8203,48.54,91,17,10.76,CL,2022-10-27 01:48:20,few clouds
624,Bukama,-9.2,25.85,71.02,79,87,3.58,CD,2022-10-27 01:52:59,overcast clouds
625,Anzio,41.4853,12.6179,67.14,67,52,2.33,IT,2022-10-27 01:53:00,broken clouds
626,Lambarene,-0.7001,10.2406,73.83,98,100,1.54,GA,2022-10-27 01:53:00,moderate rain
627,Saint-Augustin,51.226,-58.6502,53.62,96,9,6.53,CA,2022-10-27 01:53:00,clear sky
628,Road Town,18.4167,-64.6167,80.69,100,40,9.22,VG,2022-10-27 01:49:23,light intensity shower rain
629,Porto Walter,-8.2686,-72.7439,76.87,85,31,2.82,BR,2022-10-27 01:53:01,scattered clouds
630,Atyrau,47.1167,51.8833,30.22,74,0,8.95,KZ,2022-10-27 01:51:10,clear sky
631,Mahon,39.8885,4.2658,64.96,100,0,0.0,ES,2022-10-27 01:51:33,clear sky
632,Igurusi,-8.85,33.85,64.8,60,8,1.39,TZ,2022-10-27 01:53:01,clear sky
633,Amur,54.0,128.0,29.66,54,4,4.34,RU,2022-10-27 01:53:02,clear sky
634,Vigrestad,58.5667,5.7,55.08,91,61,14.34,NO,2022-10-27 01:53:03,broken clouds
635,Dourados,-22.2211,-54.8056,75.38,58,7,2.35,BR,2022-10-27 01:53:04,clear sky
636,Sinnamary,5.3833,-52.95,77.76,88,95,9.31,GF,2022-10-27 01:53:04,overcast clouds
637,Paita,-5.0892,-81.1144,63.54,84,35,11.14,PE,2022-10-27 01:53:05,scattered clouds
638,Kibaya,-5.3,36.5667,57.33,88,50,5.39,TZ,2022-10-27 01:53:05,scattered clouds
639,Nchelenge,-9.3451,28.734,74.32,61,78,1.79,ZM,2022-10-27 01:53:05,broken clouds
640,Biltine,14.5333,20.9167,73.69,20,78,7.31,TD,2022-10-27 01:53:06,broken clouds
641,Jawa,31.8525,35.9393,61.11,72,1,4.61,JO,2022-10-27 01:53:06,haze
642,Debre Zeyit,8.75,38.9833,55.0,78,14,4.76,ET,2022-10-27 01:54:07,few clouds
643,Rosario,-32.9468,-60.6393,67.98,57,0,6.91,AR,2022-10-27 01:49:40,clear sky
644,Mitsamiouli,-11.3847,43.2844,76.14,81,99,13.06,KM,2022-10-27 01:54:07,overcast clouds
645,Tete,-16.1564,33.5867,87.89,40,40,8.05,MZ,2022-10-27 01:54:08,scattered clouds
646,Iroquois Falls,48.7669,-80.6831,34.54,87,100,10.71,CA,2022-10-27 01:54:08,overcast clouds
647,Ordu,40.9086,37.6845,46.9,79,98,3.31,TR,2022-10-27 01:54:12,overcast clouds
648,Loanda,-8.8368,13.2343,75.2,88,20,9.22,AO,2022-10-27 01:54:12,few clouds
649,Ibra,22.6906,58.5334,73.27,39,0,4.7,OM,2022-10-27 01:54:12,clear sky
650,Corinto,37.9407,22.9573,63.9,63,0,2.98,GR,2022-10-27 01:54:13,clear sky
651,Salvador,13.8333,-88.9167,75.06,96,100,0.72,SV,2022-10-27 01:54:13,overcast clouds
652,Urumqi,43.801,87.6005,40.15,70,0,4.47,CN,2022-10-27 01:54:13,clear sky
653,Patacamaya,-17.2333,-67.9167,52.29,57,1,3.36,BO,2022-10-27 01:54:13,clear sky
654,Yacuiba,-22.038,-63.6797,68.77,86,83,4.21,BO,2022-10-27 01:54:14,broken clouds
655,Staryy Nadym,65.6118,72.6842,23.41,86,100,14.5,RU,2022-10-27 01:54:14,overcast clouds
656,Rumonge,-3.9736,29.4386,74.1,66,87,2.06,BI,2022-10-27 01:54:15,overcast clouds
657,Talnakh,69.4865,88.3972,5.65,97,100,7.94,RU,2022-10-27 01:54:15,light snow
658,Vestmanna,62.1564,-7.1664,47.32,100,100,1.14,FO,2022-10-27 01:54:15,drizzle
659,Atocha,-20.9333,-66.2333,46.24,5,0,7.36,BO,2022-10-27 01:54:16,clear sky
660,Vetluga,57.8557,45.781,29.44,80,96,7.56,RU,2022-10-27 01:54:16,overcast clouds
661,Beroroha,-21.6667,45.1667,75.63,55,4,1.95,MG,2022-10-27 01:54:17,clear sky
662,Asasa,7.1,39.2,52.03,93,65,2.86,ET,2022-10-27 01:54:17,broken clouds
663,Oistins,13.0667,-59.5333,82.49,78,20,21.85,BB,2022-10-27 01:54:17,few clouds
664,Kallidaikurichchi,8.6667,77.4833,79.21,76,91,2.86,IN,2022-10-27 01:54:18,overcast clouds
665,Chavakkad,10.5333,76.05,76.15,81,8,4.56,IN,2022-10-27 01:54:18,clear sky
666,Lukovetskiy,64.2956,41.9211,32.67,99,100,7.83,RU,2022-10-27 01:54:19,snow
667,Mongoumba,3.6415,18.5936,71.13,97,99,0.58,CF,2022-10-27 01:54:19,overcast clouds
668,Arauco,-37.2463,-73.3175,48.9,87,6,6.42,CL,2022-10-27 01:54:19,clear sky
669,Gubkin,51.2817,37.5458,45.82,94,100,12.41,RU,2022-10-27 01:54:20,overcast clouds
670,Swanton,41.5887,-83.8911,45.0,85,20,9.22,US,2022-10-27 01:54:20,few clouds
671,Goldsboro,35.3849,-77.9928,68.09,86,100,3.44,US,2022-10-27 01:50:57,overcast clouds
672,Ardakan,32.31,54.0175,62.11,38,30,4.25,IR,2022-10-27 01:54:20,scattered clouds
673,Galiakot,23.5167,74.0,72.25,46,0,1.1,IN,2022-10-27 01:54:21,clear sky
674,Magadi,12.9667,77.2333,64.56,74,0,5.1,IN,2022-10-27 01:54:21,clear sky
675,Lincoln,40.8,-96.667,53.29,55,75,6.91,US,2022-10-27 01:52:47,broken clouds
676,Zarand,30.8127,56.564,58.44,30,1,2.75,IR,2022-10-27 01:54:21,clear sky
677,Rostovka,55.3842,71.8891,29.07,94,100,17.6,RU,2022-10-27 01:54:22,light snow
678,Glasgow,55.8652,-4.2576,54.99,85,20,5.01,GB,2022-10-27 01:53:32,few clouds
679,Nosy Varika,-20.5833,48.5333,68.95,88,25,5.97,MG,2022-10-27 01:54:22,scattered clouds
680,Tucurui,-3.7661,-49.6725,75.79,90,100,1.54,BR,2022-10-27 01:54:23,overcast clouds
681,Kidal,18.4411,1.4078,75.06,18,6,15.46,ML,2022-10-27 01:54:23,clear sky
682,Puerto Carreno,6.189,-67.4859,79.9,79,100,4.81,CO,2022-10-27 01:54:23,overcast clouds
683,Santo Domingo,18.5001,-69.9886,76.93,91,40,0.0,DO,2022-10-27 01:50:50,scattered clouds
684,Tandil,-37.3217,-59.1332,52.97,95,46,13.73,AR,2022-10-27 01:53:43,light rain
685,Atar,20.5169,-13.0499,80.29,12,7,6.71,MR,2022-10-27 01:54:24,clear sky
686,Korhogo,9.45,-5.6333,75.72,76,64,1.57,CI,2022-10-27 01:55:24,broken clouds
687,Guarapuava,-25.3953,-51.4581,57.36,71,96,1.72,BR,2022-10-27 01:55:25,overcast clouds
688,Dombarovskiy,50.7587,59.5386,27.05,80,5,6.8,RU,2022-10-27 01:55:25,clear sky
689,Tortoli,39.9256,9.6572,71.38,34,100,3.98,IT,2022-10-27 01:55:25,overcast clouds
690,Beboto,8.2668,16.939,70.48,64,15,0.89,TD,2022-10-27 01:55:26,few clouds
691,Llanes,43.4198,-4.7549,72.9,56,100,7.78,ES,2022-10-27 01:53:00,overcast clouds
692,Diu,20.7141,70.9822,74.84,68,1,5.21,IN,2022-10-27 01:55:26,clear sky
693,Chimbote,-9.0853,-78.5783,61.27,88,35,7.83,PE,2022-10-27 01:55:27,scattered clouds
694,Front Royal,38.9182,-78.1944,60.19,69,0,17.27,US,2022-10-27 01:54:06,clear sky
695,Saharsa,25.8833,86.6,71.85,59,0,0.65,IN,2022-10-27 01:55:27,clear sky
696,Dig,27.4667,77.3333,71.98,51,0,3.91,IN,2022-10-27 01:55:27,clear sky
